{
	"credit": "Made with Blockbench",
	"textures": {
		"0": "item/egg_husk"
	},
	"elements": [
		{
			"name": "Cube2",
			"from": [1, 0, 7.5],
			"to": [15, 15, 7.51],
			"rotation": {"angle": 0, "axis": "y", "origin": [7.5, 7.99913, 8.00087]},
			"faces": {
				"north": {"uv": [16, 0, 0, 16], "texture": "#0"},
				"east": {"uv": [0, 15, 1, 16], "texture": "#0"},
				"south": {"uv": [0, 0, 16, 16], "texture": "#0"},
				"west": {"uv": [0, 15, 1, 16], "texture": "#0"},
				"up": {"uv": [0, 15, 1, 16], "texture": "#0"},
				"down": {"uv": [0, 15, 1, 16], "texture": "#0"}
			}
		}
	],
	"gui_light": "front",
	"display": {
		"thirdperson_righthand": {
			"translation": [0, 3, 1],
			"scale": [0.55, 0.55, 0.55]
		},
		"thirdperson_lefthand": {
			"translation": [0, 3, 1],
			"scale": [0.55, 0.55, 0.55]
		},
		"firstperson_righthand": {
			"rotation": [-3, -45, 0],
			"translation": [3.25, 3.95, -4.25]
		},
		"firstperson_lefthand": {
			"rotation": [-3, -45, 0],
			"translation": [3.25, 3.95, -4.25]
		},
		"ground": {
			"translation": [0, 2, 0],
			"scale": [0.5, 0.5, 0.5]
		},
		"head": {
			"rotation": [0, 180, 0],
			"translation": [0, 13, 0]
		},
		"fixed": {
			"rotation": [0, 180, 0],
			"translation": [0, 0, -0.5]
		}
	},
	"groups": [
		{
			"name": "mob_bucket",
			"origin": [8, 8, 8],
			"children": [
				{
					"name": "mob_bucket",
					"origin": [8, 8, 8],
					"children": [
						{
							"name": "mob_bucket",
							"origin": [8, 8, 8],
							"children": [
								{
									"name": "mob_bucket",
									"origin": [8, 8, 8],
									"children": [0]
								}
							]
						}
					]
				}
			]
		}
	]
}